饰品名称,Buff当前价格,Buff当前在售数量
USP 消音版 | 脑洞大开 (破损不堪),11.5,635
格洛克 18 型（StatTrak™） | 城里的月光 (崭新出厂),16.9,817
P250 | 生化短吻鳄 (久经沙场),14.3,1547
沙漠之鹰 | 大佬龙 (久经沙场),45.8,1263
双持贝瑞塔 | 双涡轮 (久经沙场),24.7,144
沙漠之鹰 | 后发制人 (久经沙场),13.7,962
USP 消音版（StatTrak™） | 脑洞大开 (略有磨损),61.7,627
沙漠之鹰 | 深红之网 (久经沙场),23.8,1151
Tec-9 | 穆拉诺之橙 (略有磨损),18.9,89
USP 消音版 | 脑洞大开 (略有磨损),22.3,3425
USP 消音版 | 脑洞大开 (久经沙场),12.9,5123
R8 左轮手枪 | 美洲驼炮 (久经沙场),9.96,377
沙漠之鹰 | 午夜风暴 (久经沙场),57.89,137
格洛克 18 型 | 水灵 (略有磨损),25.2,2073
USP 消音版（StatTrak™） | 蓝图 (略有磨损),116,425
沙漠之鹰 | 午夜凶匪 (崭新出厂),75.9,911
格洛克 18 型 | 黑色魅影 (久经沙场),41.9,1405
沙漠之鹰 | 红色代号 (久经沙场),110.5,1810
USP 消音版 | 不锈钢 (久经沙场),15.6,1469
USP 消音版 | 黑色魅影 (久经沙场),92.8,1537
USP 消音版 | 脑洞大开 (久经沙场),12.9,5123
R8 左轮手枪 | 美洲驼炮 (久经沙场),9.96,377
沙漠之鹰 | 午夜风暴 (久经沙场),57.89,137
格洛克 18 型 | 水灵 (略有磨损),25.2,2073
USP 消音版（StatTrak™） | 蓝图 (略有磨损),116,425
沙漠之鹰 | 午夜凶匪 (崭新出厂),75.9,911
格洛克 18 型 | 黑色魅影 (久经沙场),41.9,1405
沙漠之鹰 | 红色代号 (久经沙场),110.5,1810
USP 消音版 | 不锈钢 (久经沙场),15.6,1469
USP 消音版 | 黑色魅影 (久经沙场),92.8,1537
沙漠之鹰 | 机械工业 (崭新出厂),33.8,2717
FN57 | 朝枪夕拾 (崭新出厂),12.08,343
USP 消音版（纪念品） | 引擎故障灯 (破损不堪),55.9,7
沙漠之鹰 | 午夜风暴 (崭新出厂),69.6,880
沙漠之鹰 | 机械工业 (略有磨损),22.14,4375
P250 | 孟加拉猛虎 (崭新出厂),192,126
双持贝瑞塔（StatTrak™） | 灾难 (崭新出厂),25.57,82
Tec-9（StatTrak™） | 战火重燃 (崭新出厂),19.89,102
沙漠之鹰 | 午夜风暴 (略有磨损),56.9,812
格洛克 18 型 | 水灵 (崭新出厂),39.89,1003
沙漠之鹰 | 午夜风暴 (略有磨损),56.9,812
格洛克 18 型 | 水灵 (崭新出厂),39.89,1003
USP 消音版 | 不锈钢 (略有磨损),31.5,1518
格洛克 18 型 | 摩登时代 (久经沙场),21.66,1104
格洛克 18 型 | 荒野反叛 (破损不堪),29.2,32
沙漠之鹰（StatTrak™） | 机械工业 (久经沙场),47.7,753
格洛克 18 型 | 荒野反叛 (久经沙场),22,523
USP 消音版（StatTrak™） | 不锈钢 (略有磨损),142.5,644
沙漠之鹰 | 阴谋者 (略有磨损),19.7,1988
沙漠之鹰（StatTrak™） | 阴谋者 (崭新出厂),104.5,786
Tec-9 | 屠杀者 (久经沙场),22.59,386
USP 消音版 | 小绿怪 (略有磨损),38.9,1453
沙漠之鹰 | 大佬龙 (略有磨损),69.46,981
P250 | 孟加拉猛虎 (略有磨损),63.9,361
沙漠之鹰 | 红色代号 (战痕累累),82.3,184
格洛克 18 型 | 黑色魅影 (略有磨损),90.9,949
FN57 | 蓝莓樱桃 (崭新出厂),159.5,1713
FN57 | 怒氓 (略有磨损),22.6,657
沙漠之鹰 | 噩梦之夜 (崭新出厂),165.98,68
USP 消音版（StatTrak™） | 小绿怪 (久经沙场),41.9,535
沙漠之鹰 | 噩梦之夜 (崭新出厂),165.98,68
USP 消音版（StatTrak™） | 小绿怪 (久经沙场),41.9,535
USP 消音版（StatTrak™） | 脑洞大开 (崭新出厂),167.5,300
CZ75 | 相柳 (略有磨损),29.8,302
USP 消音版 | 脑洞大开 (崭新出厂),49.79,1092
USP 消音版 | 引擎故障灯 (崭新出厂),10.7,940
FN57 | 怒氓 (久经沙场),13.19,1031
USP 消音版 | 脑洞大开 (战痕累累),10.9,586
格洛克 18 型 | 子弹皇后 (略有磨损),114.5,814
FN57 | 童话城堡 (久经沙场),14.59,947
USP 消音版 | 次时代 (崭新出厂),15.3,1897
USP 消音版（StatTrak™） | 铅管 (略有磨损),15.81,221
USP 消音版 | 黑色魅影 (略有磨损),132.35,1892
USP 消音版（StatTrak™） | 闪回 (崭新出厂),17.9,348
CZ75（StatTrak™） | 先驱 (崭新出厂),17.8,121
格洛克 18 型 | 摩登时代 (崭新出厂),47.89,579
格洛克 18 型（StatTrak™） | 一目了然 (略有磨损),11.29,128
P250 | 二西莫夫 (久经沙场),16.4,1797
FN57 | 表面淬火 (久经沙场),30.09,836
USP 消音版 | 不锈钢 (崭新出厂),84.9,556
FN57 | 表面淬火 (久经沙场),30.09,836
USP 消音版 | 不锈钢 (崭新出厂),84.9,556
沙漠之鹰（StatTrak™） | 后发制人 (久经沙场),41.2,179
USP 消音版（StatTrak™） | 闪回 (略有磨损),11.8,358
双持贝瑞塔 | 熊熊烈焰 (略有磨损),55.34,91
格洛克 18 型 | 摩登时代 (略有磨损),30.95,805
USP 消音版（纪念品） | 宝蓝之色 (久经沙场),53.58,644
Tec-9（StatTrak™） | 燃料喷射器 (久经沙场),17.9,245
USP 消音版（StatTrak™） | 蓝图 (久经沙场),51.9,410
沙漠之鹰（StatTrak™） | 纳迦蛇神 (破损不堪),16.67,60
USP 消音版 | 倒吊人 (战痕累累),136.5,118
Tec-9 | 竹林 (崭新出厂),14.9,534
沙漠之鹰 | 阴谋者 (崭新出厂),28.9,3363
USP 消音版 | 枪响人亡 (战痕累累),197,147
沙漠之鹰（StatTrak™） | 阴谋者 (略有磨损),73.1,500
沙漠之鹰（StatTrak™） | 机械工业 (略有磨损),65.7,743
沙漠之鹰（StatTrak™） | 后发制人 (战痕累累),26.5,65
格洛克 18 型（StatTrak™） | 荒野反叛 (略有磨损),99.5,102
USP 消音版（StatTrak™） | 守护者 (崭新出厂),49.9,861
格洛克 18 型 | 水灵 (战痕累累),16.9,99
Tec-9 | 锈叶 (崭新出厂),37.3,113
P250 | 红巢 (崭新出厂),13.3,91
CZ75 | 维多利亚 (久经沙场),20.7,130
Tec-9 | 锈叶 (略有磨损),35.5,119
格洛克 18 型 | 子弹皇后 (久经沙场),64.9,1130
P250 | 生化短吻鳄 (略有磨损),23.8,1184
沙漠之鹰（StatTrak™） | 科林斯遗产 (略有磨损),12.1,319
格洛克 18 型（StatTrak™） | 摩登时代 (略有磨损),87.8,188
格洛克 18 型 | 核子花园 (崭新出厂),43.7,566
P2000 | 至尊威龙 (略有磨损),11.4,286
P2000 | 绝命密电 (久经沙场),23.6,149
沙漠之鹰 | 红色代号 (略有磨损),173,1305
P250（StatTrak™） | 赛博先锋 (略有磨损),12.7,69
格洛克 18 型（StatTrak™） | 蓝色裂纹 (久经沙场),12.9,435
格洛克 18 型（StatTrak™） | 烈焰天使 (崭新出厂),26.9,153
FN57（纪念品） | 热火朝天 (略有磨损),12.49,396
格洛克 18 型（StatTrak™） | 黑色魅影 (破损不堪),99.4,43
格洛克 18 型 | 黄铜 (崭新出厂),130.49,62
格洛克 18 型（StatTrak™） | 子弹皇后 (破损不堪),149.4,50
USP 消音版 | 寻路者 (崭新出厂),58.9,195
USP 消音版 | 寻路者 (崭新出厂),58.9,195
R8 左轮手枪 | 渐变之色 (略有磨损),30.3,477
沙漠之鹰 | 轻轨 (崭新出厂),15.9,736
USP 消音版 | 次时代 (略有磨损),10.2,1670
Tec-9 | 屠杀者 (略有磨损),51.7,167
沙漠之鹰（StatTrak™） | 后发制人 (破损不堪),32.5,39
CZ75 | 花纹钢板 (略有磨损),28.75,36
CZ75 | 花纹钢板 (崭新出厂),35.9,93
格洛克 18 型（StatTrak™） | 一目了然 (崭新出厂),39.89,91
P250（StatTrak™） | 赛博先锋 (崭新出厂),25.93,48
格洛克 18 型 | 水灵 (久经沙场),17.8,1514
沙漠之鹰（StatTrak™） | 后发制人 (略有磨损),89.6,176
FN57 | 童话城堡 (战痕累累),11.7,114
格洛克 18 型（StatTrak™） | 水灵 (久经沙场),53.8,402
Tec-9 | 剪纸 (崭新出厂),24.2,25
USP 消音版 | 黑色魅影 (战痕累累),65.8,94
P2000 | 银质 (崭新出厂),18.47,190
P2000 | 渐变琥珀 (崭新出厂),81.5,560
FN57 | 表面淬火 (崭新出厂),61.9,342
R8 左轮手枪（StatTrak™） | 美洲驼炮 (久经沙场),24.7,156
P250（StatTrak™） | 钢铁禁锢 (略有磨损),18.2,108
P250（StatTrak™） | 钢铁禁锢 (崭新出厂),18.89,222
Tec-9（StatTrak™） | 蓝钛 (崭新出厂),22.68,121
USP 消音版（StatTrak™） | 血虎 (略有磨损),14.94,197
格洛克 18 型（纪念品） | 噩梦之夜 (略有磨损),16.65,390
USP 消音版 | 守护者 (崭新出厂),16.76,1590
沙漠之鹰 | 大佬龙 (崭新出厂),114.5,401
R8 左轮手枪（StatTrak™） | 美洲驼炮 (略有磨损),40.69,89
FN57 | 三位一体 (崭新出厂),10.9,91
USP 消音版 | 疯狂蔓延 (略有磨损),104.5,250
R8 左轮手枪（StatTrak™） | 重新启动 (崭新出厂),54.8,132
沙漠之鹰 | 红色代号 (破损不堪),92.99,293
USP 消音版（StatTrak™） | 小绿怪 (略有磨损),111.5,298
沙漠之鹰 | 后发制人 (崭新出厂),67.2,385
P250 | 死亡轮回 (略有磨损),14.9,426
格洛克 18 型 | 子弹皇后 (破损不堪),40.6,300
P250（StatTrak™） | 超新星 (崭新出厂),14.84,438
沙漠之鹰（StatTrak™） | 轻轨 (略有磨损),25.8,417
USP 消音版（StatTrak™） | 力矩 (久经沙场),12.7,368
FN57（StatTrak™） | 表面淬火 (略有磨损),89.9,110
沙漠之鹰 | 黄金锦鲤 (崭新出厂),173.5,463
格洛克 18 型（纪念品） | 地下水 (久经沙场),12.45,623
Tec-9（StatTrak™） | 燃料喷射器 (战痕累累),14.15,49
USP 消音版 | 小绿怪 (战痕累累),13.1,159
P250 | 狂野飞溅 (略有磨损),63.8,110
P250 | 葡萄酒 (久经沙场),27.14,117
格洛克 18 型 | 水灵 (破损不堪),23.79,42
沙漠之鹰 | 飞行员 (战痕累累),188,4
双持贝瑞塔 | 熊熊烈焰 (崭新出厂),84.93,13
Tec-9 | 锈叶 (久经沙场),35.7,78
Tec-9 | 核子剧毒 (略有磨损),13.85,105
P250 | 暗之镂刻 (略有磨损),18.97,108
USP 消音版 | 铅管 (崭新出厂),10.97,212
P2000（StatTrak™） | 黑曜石 (崭新出厂),43.9,40
USP 消音版 | 倒吊人 (破损不堪),149,134
沙漠之鹰（纪念品） | 都市瓦砾 (久经沙场),29.9,284
P250 | 二西莫夫 (破损不堪),12.9,121
格洛克 18 型 | 摩登时代 (战痕累累),19.5,131
R8 左轮手枪 | 重新启动 (崭新出厂),11.9,264
格洛克 18 型 | 黄铜 (久经沙场),26.3,119
沙漠之鹰（StatTrak™） | 纳迦蛇神 (崭新出厂),98.9,59
CZ75 | 黄夹克 (久经沙场),16.29,192
CZ75 | 黄夹克 (崭新出厂),49.79,101
USP 消音版 | 宝蓝之色 (略有磨损),54.8,552
USP 消音版 | 倒吊人 (久经沙场),194.5,270
格洛克 18 型 | 核子反应 (久经沙场),12.76,259
格洛克 18 型（StatTrak™） | 蓝色裂纹 (略有磨损),30.7,296
P2000 | 渐变琥珀 (略有磨损),38.61,546
沙漠之鹰 | 午夜凶匪 (略有磨损),64.8,591
沙漠之鹰 | 大佬龙 (战痕累累),40.1,219
Tec-9（纪念品） | 核子剧毒 (战痕累累),25.7,52
沙漠之鹰（纪念品） | 都市 DDPAT (久经沙场),13.8,1380
USP 消音版（StatTrak™） | 守护者 (久经沙场),16.65,383
USP 消音版 | 猎户 (崭新出厂),142,1078
USP 消音版 | 猎户 (略有磨损),113,565
格洛克 18 型 | 子弹皇后 (战痕累累),34.9,211
CZ75 | 相柳 (崭新出厂),36.7,280
FN57 | 童话城堡 (破损不堪),12.11,128
格洛克 18 型（StatTrak™） | 水灵 (崭新出厂),178.49,313
R8 左轮手枪 | 渐变之色 (久经沙场),21.68,280
沙漠之鹰（StatTrak™） | 青铜装饰 (崭新出厂),10.4,853
Tec-9 | 燃料喷射器 (崭新出厂),34.9,266
P250（StatTrak™） | 炼狱小镇 (崭新出厂),17.34,79
USP 消音版（StatTrak™） | 力矩 (崭新出厂),23.78,693
USP 消音版 | 小绿怪 (崭新出厂),60.9,996
双持贝瑞塔 | 翡翠色调 (崭新出厂),120.5,441
格洛克 18 型（StatTrak™） | 荒野反叛 (久经沙场),77.97,119
双持贝瑞塔 | 爆破能手 (久经沙场),15.19,47
CZ75 | 燕尾 (崭新出厂),10.19,513
沙漠之鹰 | 机械工业 (破损不堪),20.2,68
USP 消音版（StatTrak™） | 脑洞大开 (久经沙场),33,702
USP 消音版 | 蓝图 (略有磨损),36.5,1385
沙漠之鹰（StatTrak™） | 科林斯遗产 (久经沙场),9.9,334
双持贝瑞塔（StatTrak™） | 海斗士 (略有磨损),43.8,54
沙漠之鹰 | 深红之网 (略有磨损),93.8,938
沙漠之鹰（纪念品） | 都市 DDPAT (略有磨损),27.9,605
CZ75 | 相柳 (久经沙场),21.4,184
Tec-9 | 燃料喷射器 (略有磨损),13.5,704
USP 消音版（StatTrak™） | 铅管 (久经沙场),10.45,188
沙漠之鹰 | 午夜凶匪 (战痕累累),64.9,38
USP 消音版（StatTrak™） | 小绿怪 (崭新出厂),209.5,248
P250（纪念品） | 硝烟 (略有磨损),23.2,211
沙漠之鹰（StatTrak™） | 轻轨 (崭新出厂),63.8,194
沙漠之鹰（StatTrak™） | 机械工业 (崭新出厂),103,723
沙漠之鹰 | 机械工业 (战痕累累),14.29,110
USP 消音版（StatTrak™） | 次时代 (崭新出厂),59.9,465
USP 消音版（纪念品） | 引擎故障灯 (久经沙场),38.4,271
格洛克 18 型 | 黑色魅影 (破损不堪),33.3,307
格洛克 18 型（纪念品） | 核子反应 (破损不堪),47.65,152
沙漠之鹰（StatTrak™） | 阴谋者 (久经沙场),58.45,86
沙漠之鹰 | 黄金锦鲤 (略有磨损),195.5,20
沙漠之鹰（StatTrak™） | 深红之网 (久经沙场),67.79,296
USP 消音版 | 公路杀手 (破损不堪),98.16,48
R8 左轮手枪 | 美洲驼炮 (崭新出厂),35.9,87
USP 消音版 | 守护者 (略有磨损),11.2,881
CZ75（StatTrak™） | 经济 (略有磨损),10.65,254
P2000（StatTrak™） | 火灵 (久经沙场),126.16,39
Tec-9 | 上古图腾 (略有磨损),66.9,91
P250 | 暗之镂刻 (久经沙场),19.67,70
沙漠之鹰（StatTrak™） | 后发制人 (崭新出厂),189.5,79
P250 | 暗之镂刻 (久经沙场),19.67,70
沙漠之鹰（StatTrak™） | 后发制人 (崭新出厂),189.5,79
USP 消音版（StatTrak™） | 守护者 (略有磨损),31.49,485
格洛克 18 型（纪念品） | 地下水 (略有磨损),29.3,219
FN57（StatTrak™） | 童话城堡 (久经沙场),30.9,236
Tec-9 | 屠杀者 (战痕累累),21.27,35
USP 消音版（StatTrak™） | 不锈钢 (久经沙场),59.59,902
P2000 | 火灵 (久经沙场),28.9,194
沙漠之鹰 | 钴蓝禁锢 (略有磨损),178.5,362
P250 | 生化短吻鳄 (战痕累累),13.9,132
沙漠之鹰 | 午夜凶匪 (久经沙场),63.3,226
FN57（StatTrak™） | 耍猴把戏 (破损不堪),16.79,48
USP 消音版（纪念品） | 引擎故障灯 (略有磨损),82.78,152
USP 消音版 | 血虎 (崭新出厂),14.45,189
Tec-9（StatTrak™） | 坍雪寒裘 (略有磨损),19.89,114
R8 左轮手枪（StatTrak™） | 重新启动 (略有磨损),14.3,281
Tec-9 | 屠杀者 (崭新出厂),101,110
P250（StatTrak™） | 生化短吻鳄 (久经沙场),44.6,247
Tec-9 | 上古图腾 (崭新出厂),68.8,167
P250（StatTrak™） | 翼击 (久经沙场),12.91,172
P250（StatTrak™） | 翼击 (久经沙场),12.91,172
Tec-9（纪念品） | 核子剧毒 (略有磨损),59.7,187
USP 消音版 | 商业皮革 (崭新出厂),188.49,45
格洛克 18 型（StatTrak™） | 子弹皇后 (久经沙场),199.5,151
USP 消音版 | 枪响人亡 (破损不堪),199,226
USP 消音版 | 凯门鳄 (略有磨损),111.48,92
P250 | 卡特尔 (久经沙场),15.69,90
P2000 | 火灵 (略有磨损),35.15,175
格洛克 18 型 | 核子花园 (久经沙场),17.1,583
沙漠之鹰 | 噩梦之夜 (略有磨损),17.68,649
格洛克 18 型（StatTrak™） | 摩登时代 (久经沙场),43.13,282
USP 消音版（StatTrak™） | 小绿怪 (战痕累累),27.49,53
FN57（StatTrak™） | 童话城堡 (破损不堪),29.7,44
USP 消音版（StatTrak™） | 脑洞大开 (战痕累累),27.9,179
USP 消音版 | 绿色伞兵 (崭新出厂),35.9,169
沙漠之鹰（StatTrak™） | 红色代号 (战痕累累),205.5,44
FN57（StatTrak™） | 朝枪夕拾 (略有磨损),18.69,114
格洛克 18 型 | 黑色魅影 (战痕累累),28.78,282
USP 消音版（StatTrak™） | 次时代 (略有磨损),30.7,415
FN57（StatTrak™） | 怒氓 (略有磨损),65.7,98
FN57（StatTrak™） | 怒氓 (略有磨损),65.7,98
P250（StatTrak™） | 影魔 (崭新出厂),14.4,325
双持贝瑞塔（StatTrak™） | 黑豹 (崭新出厂),18.05,47
双持贝瑞塔 | 蔷薇 (略有磨损),10.89,57
FN57 | 怒氓 (崭新出厂),40.4,292
双持贝瑞塔 | 双涡轮 (略有磨损),39.18,165
格洛克 18 型（StatTrak™） | 皇家军团 (略有磨损),28.9,165
FN57 | 狩猎利器 (略有磨损),12.1,130
Tec-9（StatTrak™） | 坍雪寒裘 (久经沙场),10.36,109
沙漠之鹰（StatTrak™） | 科林斯遗产 (崭新出厂),19.48,380
USP 消音版 | 商业皮革 (略有磨损),108.01,51
格洛克 18 型（StatTrak™） | 粉碎者 (崭新出厂),34.45,315
P2000 | 手炮 (崭新出厂),10.4,125
P2000（纪念品） | 渐变琥珀 (崭新出厂),98.79,75
P250（StatTrak™） | 红巢 (崭新出厂),32.73,121
格洛克 18 型（StatTrak™） | 粉碎者 (略有磨损),20.4,328
FN57（StatTrak™） | 三位一体 (久经沙场),14.24,35
双持贝瑞塔（StatTrak™） | 左右开花 (崭新出厂),19.6,34
双持贝瑞塔 | 双涡轮 (破损不堪),15.2,29
格洛克 18 型（StatTrak™） | 粉碎者 (久经沙场),21.72,56
P250 | 二西莫夫 (略有磨损),84.8,206
P250 | 生化短吻鳄 (崭新出厂),44.3,526
Tec-9 | 钛片 (崭新出厂),30.88,101
USP 消音版 | 商业皮革 (久经沙场),78.7,7
USP 消音版 | 绿色伞兵 (略有磨损),13.13,158
USP 消音版 | 寻路者 (久经沙场),58.8,35
USP 消音版（StatTrak™） | 次时代 (久经沙场),18.58,391
沙漠之鹰 | 遗产 (崭新出厂),47.5,125
P2000 | 致命红蝎 (崭新出厂),13.5,233
CZ75（StatTrak™） | 相柳 (久经沙场),53.26,51
沙漠之鹰 | 阴谋者 (久经沙场),17.12,264
CZ75 | 毒镖 (崭新出厂),13.57,33
USP 消音版 | 不锈钢 (战痕累累),12.89,137
FN57（StatTrak™） | 铜色星系 (崭新出厂),58.28,89
Tec-9（StatTrak™） | 屠杀者 (久经沙场),68.89,62
P250 | 翼击 (崭新出厂),16.46,175
Tec-9 | 坍雪寒裘 (崭新出厂),12.7,254
P2000（StatTrak™） | 至尊威龙 (略有磨损),36.9,90
格洛克 18 型 | 黄铜 (战痕累累),25.1,14
沙漠之鹰（StatTrak™） | 纳迦蛇神 (略有磨损),29.2,205
格洛克 18 型 | 黄铜 (战痕累累),25.1,14
沙漠之鹰（StatTrak™） | 纳迦蛇神 (略有磨损),29.2,205
FN57 | 表面淬火 (略有磨损),38.9,699
格洛克 18 型（纪念品） | 远光灯 (略有磨损),49.79,75
P250 | 曼海蒂 (战痕累累),48.1,22
P250 | 葡萄酒 (略有磨损),37.04,122
FN57（StatTrak™） | 好兄弟 (崭新出厂),18.01,84
P250（StatTrak™） | 二西莫夫 (久经沙场),57.6,300
P2000 | 林间猎者 (战痕累累),15.73,7
P250 | 银装素裹 (破损不堪),20.7,9
格洛克 18 型 | 摩登时代 (破损不堪),22.8,70
格洛克 18 型（StatTrak™） | 钢铁禁锢 (崭新出厂),27.8,140
格洛克 18 型 | 黄铜 (略有磨损),53.7,104
P250（StatTrak™） | 死亡轮回 (略有磨损),55.9,102
格洛克 18 型（StatTrak™） | 子弹皇后 (战痕累累),103.49,59
格洛克 18 型（纪念品） | 地下水 (破损不堪),12.9,90
格洛克 18 型（StatTrak™） | 战鹰 (崭新出厂),19.39,65
双持贝瑞塔（StatTrak™） | 龙之双子 (崭新出厂),27.9,34
格洛克 18 型 | 核子反应 (破损不堪),13.89,52
FN57（StatTrak™） | 怒氓 (战痕累累),30.15,27
FN57（StatTrak™） | 怒氓 (战痕累累),30.15,27
P250（StatTrak™） | 伦琴射线 (崭新出厂),18.22,147
P2000 | 渐变琥珀 (久经沙场),22.79,215
格洛克 18 型（StatTrak™） | 幻影冥魂 (崭新出厂),16.46,135
P2000（StatTrak™） | 红色碎片迷彩 (崭新出厂),11.64,53
P250（StatTrak™） | 红巢 (略有磨损),15.65,106
USP 消音版（StatTrak™） | 血虎 (崭新出厂),37.6,140
格洛克 18 型（纪念品） | 核子反应 (略有磨损),119.5,263
P250 | 日式深红涂装 (略有磨损),58.88,116
CZ75（StatTrak™） | 短趾雕 (崭新出厂),18.5,37
双持贝瑞塔 | 熊熊烈焰 (久经沙场),51.9,145
Tec-9 | 遥控 (略有磨损),15.56,102
Tec-9（StatTrak™） | 燃料喷射器 (略有磨损),37.9,150
双持贝瑞塔（StatTrak™） | 黑榄仁木 (久经沙场),28.9,31
P2000（StatTrak™） | 至尊威龙 (久经沙场),15.18,157
P2000 | 绝命密电 (略有磨损),26.49,192
CZ75（StatTrak™） | 战术高手 (崭新出厂),15.4,308
FN57（StatTrak™） | 耍猴把戏 (久经沙场),19.7,324
P250（StatTrak™） | 生化短吻鳄 (崭新出厂),208.5,122
R8 左轮手枪 | 深红之网 (崭新出厂),13,139
FN57（纪念品） | 橘皮涂装 (略有磨损),10.9,120
双持贝瑞塔（纪念品） | 深蓝电镀处理 (崭新出厂),16.3,157
USP 消音版 | 疯狂蔓延 (战痕累累),122.12,11
Tec-9（StatTrak™） | 剪纸 (破损不堪),11.78,8
FN57（StatTrak™） | 表面淬火 (战痕累累),47.9,45
P250（纪念品） | 沙丘之黄 (崭新出厂),98.89,11
P2000 | 草原落叶 (久经沙场),24.18,36
FN57 | 暴怒野兽 (破损不堪),63.87,25
FN57（StatTrak™） | 怒氓 (久经沙场),32.68,109
沙漠之鹰（StatTrak™） | 大佬龙 (破损不堪),199,11
P2000（StatTrak™） | 至尊威龙 (崭新出厂),85.8,65
沙漠之鹰（StatTrak™） | 纳迦蛇神 (久经沙场),17.1,253
Tec-9 | 上古图腾 (久经沙场),66.8,59
P2000 | 黑曜石 (崭新出厂),14.7,88
格洛克 18 型（StatTrak™） | 荒野反叛 (战痕累累),93.45,33
格洛克 18 型（StatTrak™） | 蓝色裂纹 (战痕累累),10.5,42
沙漠之鹰（StatTrak™） | 轻轨 (久经沙场),13.1,608
双持贝瑞塔 | 血红蛋白 (崭新出厂),41.4,180
P250 | 葡萄酒 (破损不堪),22.9,26
USP 消音版（StatTrak™） | 力矩 (略有磨损),19.3,389
P250 | 葡萄酒 (破损不堪),22.9,26
USP 消音版（StatTrak™） | 力矩 (略有磨损),19.3,389
格洛克 18 型（StatTrak™） | 本生灯 (崭新出厂),18.46,182
格洛克 18 型 | 钢铁禁锢 (久经沙场),11.92,14
Tec-9 | 蓝钛 (崭新出厂),12.48,109
格洛克 18 型（纪念品） | 噩梦之夜 (破损不堪),10.44,117
P2000（StatTrak™） | 酸蚀 (崭新出厂),24.59,116
CZ75（StatTrak™） | 经济 (崭新出厂),34.78,120
FN57 | 童话城堡 (崭新出厂),67.99,264
R8 左轮手枪 | 渐变之色 (崭新出厂),56.5,393
R8 左轮手枪（StatTrak™） | 头骨粉碎者 (战痕累累),14.6,24
CZ75 | 黄夹克 (略有磨损),27.08,116
Tec-9（纪念品） | 核子剧毒 (久经沙场),27.5,273
P2000 | 火灵 (崭新出厂),63.4,139
CZ75（StatTrak™） | 毒镖 (崭新出厂),49.59,36
Tec-9 | 骨化之色 (略有磨损),10.63,12
CZ75（StatTrak™） | 相柳 (略有磨损),81.9,57
CZ75 | 维多利亚 (崭新出厂),38.8,138
P2000 | 珊瑚树 (久经沙场),20.24,36
USP 消音版（StatTrak™） | 脑洞大开 (破损不堪),30.02,156
USP 消音版（StatTrak™） | 脑洞大开 (破损不堪),30.02,156
双持贝瑞塔（纪念品） | 爆破能手 (久经沙场),31.9,42
USP 消音版（纪念品） | 宝蓝之色 (战痕累累),44.9,150
R8 左轮手枪（StatTrak™） | 头骨粉碎者 (久经沙场),18.09,110
P2000 | 豹纹迷彩 (崭新出厂),10.2,478
CZ75 | 翡翠色调 (崭新出厂),32.75,483
P250（纪念品） | 核子污染 (崭新出厂),32.9,143
USP 消音版 | 宝蓝之色 (久经沙场),51.94,212
USP 消音版（纪念品） | 宝蓝之色 (略有磨损),176.49,237
双持贝瑞塔（StatTrak™） | 黑榄仁木 (略有磨损),42.8,17
格洛克 18 型（StatTrak™） | 摩登时代 (战痕累累),35.9,65
P250（StatTrak™） | 二西莫夫 (破损不堪),48.15,41
P250（StatTrak™） | 生化短吻鳄 (破损不堪),63.98,27
P2000（StatTrak™） | 珊瑚树 (久经沙场),49.55,16
USP 消音版（纪念品） | 公路杀手 (战痕累累),122.3,86
双持贝瑞塔（StatTrak™） | 灾难 (略有磨损),10.3,105
Tec-9 | 艾萨克 (崭新出厂),26.4,179
USP 消音版 | 黑色魅影 (破损不堪),119,18
沙漠之鹰（StatTrak™） | 遗产 (战痕累累),47.08,30
CZ75 | 维多利亚 (略有磨损),27.57,125
CZ75 | 维多利亚 (略有磨损),27.57,125
沙漠之鹰（StatTrak™） | 蓝色层压板 (崭新出厂),26.47,216
USP 消音版 | 蓝图 (崭新出厂),103.4,387
P250 | 死亡轮回 (崭新出厂),31.49,287
CZ75（StatTrak™） | 螺形扭转 (崭新出厂),14.89,64
USP 消音版 | 公路杀手 (久经沙场),107,213
P250（StatTrak™） | 红巢 (久经沙场),15,14
Tec-9（纪念品） | 地下水 (久经沙场),21.4,57
Tec-9 | 钛片 (久经沙场),31.16,11
P250（StatTrak™） | 死亡轮回 (战痕累累),53,13
P2000（StatTrak™） | 珊瑚树 (略有磨损),54.4,37
Tec-9（纪念品） | 黄铜 (久经沙场),32.89,97
格洛克 18 型（纪念品） | 地下水 (战痕累累),11.7,122
沙漠之鹰（StatTrak™） | 遗产 (久经沙场),44.78,155
Tec-9（StatTrak™） | 燃料喷射器 (崭新出厂),115.5,113
格洛克 18 型 | 核子反应 (崭新出厂),37.6,216
沙漠之鹰 | 纳迦蛇神 (崭新出厂),22.47,177
P250 | 卡特尔 (略有磨损),21.27,118
双持贝瑞塔（StatTrak™） | 皇室伴侣 (崭新出厂),30.98,69
FN57 | 暴怒野兽 (战痕累累),71.86,8
FN57 | 暴怒野兽 (战痕累累),71.86,8
P250（StatTrak™） | 翼击 (略有磨损),25.18,118
R8 左轮手枪 | 水都泛波 (崭新出厂),16.09,37
USP 消音版（StatTrak™） | 血虎 (久经沙场),15.78,49
FN57（StatTrak™） | 童话城堡 (略有磨损),74.2,147
沙漠之鹰 | 遗产 (略有磨损),28.18,234
FN57（StatTrak™） | 三位一体 (略有磨损),21.37,43
Tec-9 | 穆拉诺之橙 (久经沙场),18.9,88
USP 消音版 | 寻路者 (略有磨损),52.78,133
沙漠之鹰 | 遗产 (久经沙场),22.8,190
CZ75（StatTrak™） | 相柳 (崭新出厂),102.49,63
Tec-9（StatTrak™） | 剪纸 (战痕累累),12.04,8
P250 | 日式薄荷涂装 (崭新出厂),11.2,186
P250 | 红岩 (久经沙场),17.69,22
FN57 | 绛之绽放 (久经沙场),207.5,26
P250 | 曼海蒂 (崭新出厂),98.4,70
P2000（StatTrak™） | 手炮 (略有磨损),13.1,175
USP 消音版 | 血清 (略有磨损),138.5,58
P250（StatTrak™） | 元素轮廓 (崭新出厂),12.79,238
USP 消音版 | 公路杀手 (略有磨损),149.5,175
Tec-9（StatTrak™） | 钛片 (略有磨损),43.49,31
USP 消音版 | 蓝图 (破损不堪),23.8,29
格洛克 18 型 | 噩梦之夜 (崭新出厂),102.19,69
FN57（StatTrak™） | 狩猎利器 (久经沙场),16.59,53
FN57（StatTrak™） | 耍猴把戏 (战痕累累),14.4,27
USP 消音版 | 宝蓝之色 (崭新出厂),208.38,101
沙漠之鹰（StatTrak™） | 大佬龙 (久经沙场),144,170
CZ75（StatTrak™） | 黄夹克 (略有磨损),69.2,40
沙漠之鹰（StatTrak™） | 科林斯遗产 (破损不堪),14.2,33
P250（StatTrak™） | 红岩 (崭新出厂),86.69,16
沙漠之鹰（纪念品） | 都市 DDPAT (破损不堪),14.89,228
P2000 | 珊瑚树 (略有磨损),28.9,61
双持贝瑞塔 | 毒蛇袭击 (略有磨损),134.5,41
格洛克 18 型（StatTrak™） | 黑色魅影 (久经沙场),149.5,157
格洛克 18 型 | 核子花园 (战痕累累),11.4,51
USP 消音版（StatTrak™） | 小绿怪 (破损不堪),57.07,35
格洛克 18 型（StatTrak™） | 水灵 (破损不堪),79.8,16
P250（StatTrak™） | 狂野飞溅 (略有磨损),100,89
格洛克 18 型（StatTrak™） | 荒野反叛 (崭新出厂),152.5,149
Tec-9 | 穆拉诺之橙 (崭新出厂),24.5,96
P250（StatTrak™） | 翼击 (破损不堪),10.22,29
沙漠之鹰（纪念品） | 都市 DDPAT (战痕累累),14.9,268
双持贝瑞塔 | 双涡轮 (崭新出厂),59.8,156
FN57（StatTrak™） | 朝枪夕拾 (崭新出厂),37.2,95
P2000 | 绝命密电 (崭新出厂),27.8,302
沙漠之鹰（StatTrak™） | 指挥 (略有磨损),20.8,174
USP 消音版（纪念品） | 引擎故障灯 (崭新出厂),164.49,98
CZ75 | 紫青之色 (崭新出厂),13.8,24
Tec-9 | 穆拉诺之橙 (破损不堪),18.1,48
CZ75 | 相柳 (战痕累累),20.43,34
CZ75 | 氮化处理 (略有磨损),27.9,24
Tec-9 | 哈迪斯 (略有磨损),41.4,22
P250 | 红岩 (崭新出厂),38.5,36
P2000 | 寻路者 (崭新出厂),45.48,67
P2000 | 珊瑚树 (崭新出厂),56.4,50
沙漠之鹰 | 都市 DDPAT (崭新出厂),65.69,26
CZ75 | 梅红时刻 (久经沙场),126.4,23
双持贝瑞塔 | 决斗家 (崭新出厂),197.5,26
格洛克 18 型 | 黄铜 (破损不堪),24.99,18
CZ75（StatTrak™） | 黄夹克 (久经沙场),39.1,57
格洛克 18 型 | 黄铜 (破损不堪),24.99,18
CZ75（StatTrak™） | 黄夹克 (久经沙场),39.1,57
R8 左轮手枪（StatTrak™） | 废物王 (崭新出厂),15.76,39
格洛克 18 型（StatTrak™） | 铁之作 (崭新出厂),14.9,131
沙漠之鹰 | 指挥 (崭新出厂),23.8,69
CZ75 | 深红之网 (崭新出厂),65.9,47
P250 | 孟加拉猛虎 (久经沙场),62.9,372
P250（StatTrak™） | 钢铁禁锢 (久经沙场),17.27,20
P2000 | 绝命密电 (战痕累累),24.89,32
格洛克 18 型 | 地下水 (略有磨损),17.9,86
格洛克 18 型 | 核子反应 (略有磨损),21.8,301
CZ75（StatTrak™） | 梅红时刻 (略有磨损),140.88,36
P250 | 银装素裹 (久经沙场),18.8,150
P250 | 暗之镂刻 (崭新出厂),21.59,253
P250 | 红岩 (战痕累累),15.6,12
Tec-9（纪念品） | 晶红石英 (久经沙场),31.26,45
Tec-9 | 屠杀者 (破损不堪),32.7,10
Tec-9 | 穆拉诺之橙 (战痕累累),19.19,52
格洛克 18 型（StatTrak™） | 蓝色裂纹 (破损不堪),21.69,28
双持贝瑞塔（StatTrak™） | 报应 (崭新出厂),23.8,17
沙漠之鹰 | 噩梦之夜 (破损不堪),10,25
Tec-9（StatTrak™） | 艾萨克 (略有磨损),12.7,250
P250（StatTrak™） | 暗潮 (略有磨损),157.99,25
沙漠之鹰（StatTrak™） | 轻轨 (破损不堪),15.6,68
格洛克 18 型（StatTrak™） | 皇家军团 (久经沙场),14.68,208
沙漠之鹰（StatTrak™） | 深红之网 (战痕累累),57.48,74
P250（StatTrak™） | 二西莫夫 (战痕累累),28.3,108
P250（纪念品） | 北方森林 (战痕累累),30.38,4
双持贝瑞塔 | 爆破能手 (战痕累累),18.5,4
双持贝瑞塔 | 深蓝电镀处理 (略有磨损),11.6,3
双持贝瑞塔 | 海斗士 (破损不堪),18.4,14
双持贝瑞塔（纪念品） | 爆破能手 (战痕累累),33.71,16
Tec-9 | 核子剧毒 (破损不堪),13.27,6
格洛克 18 型 | 沙丘之黄 (战痕累累),15.9,2
CZ75（纪念品） | 氮化处理 (略有磨损),24.89,153
双持贝瑞塔 | 蔷薇 (崭新出厂),16.18,225
CZ75 | 黄夹克 (破损不堪),12.48,26
P250（StatTrak™） | 生化短吻鳄 (略有磨损),89.9,169
FN57（StatTrak™） | 表面淬火 (久经沙场),57.06,158
P2000（StatTrak™） | 黑曜石 (略有磨损),18.9,33
P2000（StatTrak™） | 黑曜石 (略有磨损),18.9,33
FN57 | 铜色星系 (久经沙场),32.58,14
双持贝瑞塔 | 血红蛋白 (久经沙场),36.9,12
CZ75 | 蓝巢 (崭新出厂),16.29,42
格洛克 18 型（StatTrak™） | 鼬鼠 (崭新出厂),38.4,139
FN57 | 电镀青铜 (崭新出厂),18.99,87
FN57 | 绛之绽放 (略有磨损),199.39,36
FN57 | 氮化处理 (久经沙场),19.85,9
Tec-9 | 钛片 (略有磨损),28.69,44
Tec-9（StatTrak™） | 破铜烂铁 (略有磨损),9.9,21
CZ75（StatTrak™） | 梅红时刻 (久经沙场),81.6,31
沙漠之鹰（纪念品） | 都市 DDPAT (崭新出厂),177.48,53
格洛克 18 型（StatTrak™） | 钢铁禁锢 (久经沙场),22.4,24
CZ75（StatTrak™） | 猛虎 (崭新出厂),24.39,77
CZ75 | 维多利亚 (战痕累累),19.56,22
双持贝瑞塔（StatTrak™） | 都市冲击 (崭新出厂),26.17,63
FN57（StatTrak™） | 三位一体 (崭新出厂),35.6,38
FN57（StatTrak™） | 铜色星系 (略有磨损),44.89,31
双持贝瑞塔 | 黑榄仁木 (略有磨损),24.99,22
双持贝瑞塔（StatTrak™） | 海斗士 (久经沙场),28.8,20
FN57 | 铜色星系 (崭新出厂),32.8,223
FN57（StatTrak™） | 狩猎利器 (崭新出厂),83.8,30
CZ75（StatTrak™） | 黄夹克 (崭新出厂),145.39,45
P2000（StatTrak™） | 至尊威龙 (战痕累累),20.34,58
Tec-9（StatTrak™） | 贾姆比亚 (崭新出厂),11.9,47
P250 | 死亡轮回 (久经沙场),11.7,169
Tec-9 | 核子威慑 (略有磨损),179.5,27
沙漠之鹰（StatTrak™） | 纳迦蛇神 (战痕累累),15.59,79
沙漠之鹰（StatTrak™） | 轻轨 (战痕累累),13.8,94
USP 消音版 | 蓝图 (战痕累累),18.4,79
P250（StatTrak™） | 死亡轮回 (久经沙场),41,122
R8 左轮手枪（StatTrak™） | 渐变之色 (久经沙场),72.08,47
FN57（StatTrak™） | 夜影 (久经沙场),21.92,45
双持贝瑞塔 | 天秤之月 (崭新出厂),11.48,99
格洛克 18 型 | 皇家军团 (崭新出厂),17.2,185
USP 消音版 | 小绿怪 (破损不堪),20.2,64
FN57（StatTrak™） | 童话城堡 (战痕累累),25,49
Tec-9（纪念品） | 多变迷彩 (战痕累累),10.37,26
CZ75（StatTrak™） | 黄夹克 (破损不堪),33.03,21
P250（纪念品） | 金属 DDPAT (崭新出厂),14.7,416
P250（纪念品） | 金属 DDPAT (崭新出厂),14.7,416
格洛克 18 型 | 地下水 (久经沙场),17.9,34
P2000 | 林间猎者 (久经沙场),17.65,39
CZ75 | 黄夹克 (战痕累累),12.8,26
FN57 | 表面淬火 (战痕累累),27.74,130
USP 消音版（StatTrak™） | 闪回 (破损不堪),12.69,37
CZ75 | 相柳 (破损不堪),21.6,33
FN57 | 铜色星系 (略有磨损),26.88,68
双持贝瑞塔 | 海斗士 (久经沙场),15.8,24
Tec-9（StatTrak™） | 兄弟连 (崭新出厂),22.7,47
Tec-9 | 遥控 (崭新出厂),34.35,71
P2000（纪念品） | 坚固链甲 (崭新出厂),39.78,182
R8 左轮手枪（StatTrak™） | 美洲驼炮 (崭新出厂),138,21
FN57 | 蓝莓樱桃 (略有磨损),153,97
USP 消音版（StatTrak™） | 次时代 (战痕累累),20.53,22
P250 | 红岩 (破损不堪),16.7,10
Tec-9（StatTrak™） | 燃料喷射器 (破损不堪),14.55,63
FN57（StatTrak™） | 怒氓 (崭新出厂),175,68
Tec-9（StatTrak™） | 兄弟连 (略有磨损),10,103
P250（纪念品） | 葡萄酒 (略有磨损),119.5,35
USP 消音版（纪念品） | 公路杀手 (久经沙场),176,158
格洛克 18 型（StatTrak™） | 摩登时代 (崭新出厂),169,164
格洛克 18 型 | 荒野反叛 (战痕累累),25.2,57
P250 | 曼海蒂 (略有磨损),65.36,100
P250 | 暗潮 (略有磨损),143.98,64
P250 | 日式深红涂装 (久经沙场),59.52,35
格洛克 18 型 | 暮光星系 (略有磨损),175.5,99
FN57（纪念品） | 热火朝天 (崭新出厂),48.9,78
USP 消音版（StatTrak™） | 凯门鳄 (久经沙场),137.49,18
P250（StatTrak™） | 卡特尔 (略有磨损),79.8,31
P250 | 核子威慑 (战痕累累),54.34,32
P250（StatTrak™） | 卡特尔 (久经沙场),38.9,55
沙漠之鹰 | 深红之网 (战痕累累),22.06,88
格洛克 18 型 | 核子反应 (战痕累累),12.26,31
P250（纪念品） | 交换机 (略有磨损),16.6,48
格洛克 18 型 | 钢铁禁锢 (崭新出厂),11.9,179
USP 消音版（纪念品） | 引擎故障灯 (战痕累累),43.9,33
沙漠之鹰（纪念品） | 都市瓦砾 (略有磨损),47.4,181
双持贝瑞塔 | 报应 (崭新出厂),13.69,22
Tec-9（StatTrak™） | 剪纸 (略有磨损),14.9,24
P2000 | 林间猎者 (略有磨损),24.89,40
双持贝瑞塔（StatTrak™） | 卡特尔 (崭新出厂),14.7,36
P250（StatTrak™） | 曼海蒂 (略有磨损),179.4,60
FN57 | 热火朝天 (崭新出厂),10.1,117
CZ75（StatTrak™） | 毒镖 (略有磨损),12.5,80
USP 消音版 | 疯狂蔓延 (久经沙场),102.5,152
P250 | 红岩 (略有磨损),30.62,32
P250 | 葡萄酒 (战痕累累),14.8,31
FN57（StatTrak™） | 夜影 (略有磨损),18.9,45
沙漠之鹰（StatTrak™） | 大佬龙 (战痕累累),153.38,45
P250 | 孟加拉猛虎 (破损不堪),59.9,44
USP 消音版（StatTrak™） | 次时代 (破损不堪),29.19,25
FN57（StatTrak™） | 狩猎利器 (略有磨损),36.49,45
P2000 | 绝命密电 (破损不堪),25.34,19
P250 | 卡特尔 (崭新出厂),57.6,60
格洛克 18 型（StatTrak™） | 钢铁禁锢 (略有磨损),17.8,125
FN57（StatTrak™） | 耍猴把戏 (略有磨损),119.38,74
沙漠之鹰 | 钴蓝禁锢 (久经沙场),172.5,29
R8 左轮手枪（StatTrak™） | 头骨粉碎者 (破损不堪),17.48,22
Tec-9（StatTrak™） | 钛片 (崭新出厂),45.9,38
FN57 | 氮化处理 (略有磨损),21.3,33
Tec-9（StatTrak™） | 青竹伪装 (崭新出厂),16.23,82
P250 | 葡萄酒 (崭新出厂),62.9,123
USP 消音版（StatTrak™） | 不锈钢 (战痕累累),48.4,100
CZ75（StatTrak™） | 红鹰 (崭新出厂),22,86
USP 消音版 | 宝蓝之色 (战痕累累),62.35,32
CZ75（StatTrak™） | 蓝巢 (略有磨损),16.58,62
CZ75 | 梅红时刻 (破损不堪),194.38,2
双持贝瑞塔 | 血红蛋白 (略有磨损),39.09,42
P250 | 曼海蒂 (久经沙场),58.23,42
P250 | 生化短吻鳄 (破损不堪),19.4,41
双持贝瑞塔（StatTrak™） | 海斗士 (崭新出厂),151.5,12
R8 左轮手枪 | 渐变之色 (破损不堪),39,6
FN57 | 怒氓 (战痕累累),14.8,47
P2000（StatTrak™） | 手炮 (崭新出厂),46.9,58
P250 | 多面体 (崭新出厂),192.49,12
P2000 | 渐变琥珀 (破损不堪),21.9,30
格洛克 18 型（纪念品） | 核子反应 (战痕累累),44.3,103
FN57 | 表面淬火 (破损不堪),29.3,186
格洛克 18 型（纪念品） | 核子反应 (久经沙场),79.8,301
CZ75 | 银质 (略有磨损),10.9,39
P250 | 核子威慑 (略有磨损),197.5,41
双持贝瑞塔 | 毒蛇袭击 (战痕累累),119.5,4
双持贝瑞塔 | 毒蛇袭击 (久经沙场),122.3,14
双持贝瑞塔（StatTrak™） | 血红蛋白 (崭新出厂),64.7,51
格洛克 18 型（StatTrak™） | 摩登时代 (破损不堪),51.43,16
USP 消音版 | 猎户 (久经沙场),99.5,62
USP 消音版（纪念品） | 宝蓝之色 (破损不堪),51.29,66
双持贝瑞塔 | 海斗士 (崭新出厂),42.89,37
Tec-9（StatTrak™） | 坍雪寒裘 (崭新出厂),49.36,74
CZ75（StatTrak™） | 维多利亚 (久经沙场),108.5,33
双持贝瑞塔（StatTrak™） | 都市冲击 (战痕累累),14.29,4
P250（StatTrak™） | 死亡轮回 (崭新出厂),102.5,124
沙漠之鹰（StatTrak™） | 遗产 (略有磨损),82.89,132
USP 消音版 | 宝蓝之色 (破损不堪),49.9,35
沙漠之鹰 | 午夜凶匪 (破损不堪),69.29,27
CZ75（StatTrak™） | 深红之网 (略有磨损),17.7,139
P250 | 多面体 (略有磨损),13.1,21
格洛克 18 型 | 核子花园 (破损不堪),22.9,17
R8 左轮手枪（StatTrak™） | 深红之网 (崭新出厂),103.99,50
USP 消音版（StatTrak™） | 蓝图 (战痕累累),38.09,38
双持贝瑞塔（StatTrak™） | 血红蛋白 (略有磨损),58.77,27
Tec-9 | 核子威慑 (久经沙场),58.79,47
双持贝瑞塔（StatTrak™） | 都市冲击 (久经沙场),10.27,26
P250 | 孟加拉猛虎 (战痕累累),62.7,71
FN57 | 怒氓 (破损不堪),17.62,41
Tec-9（纪念品） | 多变迷彩 (崭新出厂),14.6,90
USP 消音版（StatTrak™） | 黑色魅影 (战痕累累),154.5,41
R8 左轮手枪（StatTrak™） | 渐变之色 (略有磨损),140.49,80
P250 | 卡特尔 (战痕累累),16.9,15
CZ75（StatTrak™） | 蓝巢 (崭新出厂),46,25
FN57 | 氮化处理 (崭新出厂),62.8,13
FN57（纪念品） | 雇佣兵 (崭新出厂),35.18,36
P2000（StatTrak™） | 林间猎者 (久经沙场),49.7,12
FN57 | 暴怒野兽 (略有磨损),130.89,83
CZ75 | 梅红时刻 (略有磨损),159,43
格洛克 18 型（StatTrak™） | 黑色魅影 (战痕累累),89.5,39
沙漠之鹰（StatTrak™） | 指挥 (崭新出厂),163.5,19
Tec-9 | 上古图腾 (破损不堪),67.8,35
双持贝瑞塔（纪念品） | 爆破能手 (破损不堪),19.14,25
P2000（StatTrak™） | 林间猎者 (略有磨损),89.9,7
格洛克 18 型（StatTrak™） | 水灵 (战痕累累),43.8,31
格洛克 18 型 | 暮光星系 (久经沙场),164.5,14
Tec-9 | 锈叶 (破损不堪),39.69,22
P250（StatTrak™） | 曼海蒂 (破损不堪),134.5,18
双持贝瑞塔 | 双涡轮 (战痕累累),11.49,54
Tec-9 | 锈叶 (战痕累累),38.78,20
沙漠之鹰 | 午夜风暴 (破损不堪),55.3,35
沙漠之鹰 | 午夜风暴 (战痕累累),54.69,37
CZ75 | 氮化处理 (崭新出厂),97.7,10
USP 消音版 | 公路杀手 (战痕累累),97.68,27
USP 消音版（StatTrak™） | 力矩 (破损不堪),15.02,45
格洛克 18 型（StatTrak™） | 皇家军团 (破损不堪),12.65,37
P250（StatTrak™） | 死亡轮回 (破损不堪),69.7,4
USP 消音版 | 不锈钢 (破损不堪),23.8,31
FN57（StatTrak™） | 狩猎利器 (战痕累累),19.23,12
R8 左轮手枪（StatTrak™） | 记忆碎片 (崭新出厂),16.8,34
FN57 | 狩猎利器 (崭新出厂),33.9,56
P250 | 狂野飞溅 (久经沙场),67.64,9
FN57 | 电镀青铜 (略有磨损),28.15,7
FN57 | 电镀青铜 (略有磨损),28.15,7
P250 | 现代猎手 (久经沙场),35.9,13
P2000（纪念品） | 渐变琥珀 (久经沙场),32.48,74
R8 左轮手枪（StatTrak™） | 美洲驼炮 (战痕累累),17.67,24
格洛克 18 型（StatTrak™） | 异星世界 (崭新出厂),12.8,176
P250（纪念品） | 北方森林 (略有磨损),71.27,30
P250（StatTrak™） | 红岩 (久经沙场),49.38,21
P2000（纪念品） | 渐变琥珀 (略有磨损),48.8,47
双持贝瑞塔 | 黑榄仁木 (崭新出厂),58.88,6
P250（纪念品） | 葡萄酒 (战痕累累),39.8,35
P2000 | 火灵 (战痕累累),31.16,22
USP 消音版（纪念品） | 公路杀手 (破损不堪),132,97
沙漠之鹰 | 遗产 (战痕累累),19.78,36
P250（纪念品） | 葡萄酒 (久经沙场),63.79,59
Tec-9（纪念品） | 黄铜 (略有磨损),61.68,77
格洛克 18 型 | 蓝色裂纹 (崭新出厂),54.9,32
Tec-9 | 哈迪斯 (久经沙场),37.7,18
P250 | 暗之镂刻 (战痕累累),23.78,25
沙漠之鹰 | 遗产 (破损不堪),26.78,16
FN57（StatTrak™） | 表面淬火 (崭新出厂),198.49,70
沙漠之鹰（纪念品） | 都市瓦砾 (崭新出厂),81.5,168
P250（纪念品） | 骸骨外罩 (崭新出厂),24.9,33
格洛克 18 型（StatTrak™） | 皇家军团 (战痕累累),10.97,60
USP 消音版（StatTrak™） | 力矩 (战痕累累),22.1,9
FN57（StatTrak™） | 狩猎利器 (破损不堪),15.7,17
沙漠之鹰 | 大佬龙 (破损不堪),63.9,23
R8 左轮手枪 | 噩梦之夜 (崭新出厂),13.3,60
USP 消音版（StatTrak™） | 闪回 (战痕累累),11.86,28
沙漠之鹰（StatTrak™） | 机械工业 (战痕累累),43.6,57
P2000 | 火灵 (破损不堪),39.8,6
Tec-9（StatTrak™） | 艾萨克 (崭新出厂),84.89,60
Tec-9（StatTrak™） | 屠杀者 (破损不堪),95.14,5
CZ75（StatTrak™） | 花纹钢板 (崭新出厂),45.78,68
R8 左轮手枪（StatTrak™） | 美洲驼炮 (破损不堪),23.87,15
P2000 | 工业牧草 (崭新出厂),18.43,6
P250（StatTrak™） | 生化短吻鳄 (战痕累累),32.67,37
CZ75（StatTrak™） | 花纹钢板 (略有磨损),41.7,34
沙漠之鹰（StatTrak™） | 青铜装饰 (战痕累累),13.4,10
格洛克 18 型 | 沙丘之黄 (略有磨损),31.78,42
Tec-9（纪念品） | 核子剧毒 (崭新出厂),163.5,81
Tec-9（StatTrak™） | 屠杀者 (略有磨损),165.49,41
FN57 | 氮化处理 (战痕累累),24.27,2
双持贝瑞塔 | 黑榄仁木 (久经沙场),21.9,26
沙漠之鹰 | 深红之网 (破损不堪),26.9,56
Tec-9（纪念品） | 晶红石英 (崭新出厂),103.88,47
Tec-9 | 核子威慑 (破损不堪),74.9,11
CZ75（StatTrak™） | 相柳 (战痕累累),49.96,14
USP 消音版（StatTrak™） | 蓝图 (破损不堪),72.8,11
Tec-9 | 上古图腾 (战痕累累),66.7,17
格洛克 18 型 | 地下水 (崭新出厂),128.37,19
CZ75 | 氮化处理 (久经沙场),20.9,11
USP 消音版（StatTrak™） | 血清 (略有磨损),175.05,28
格洛克 18 型（StatTrak™） | 皇家军团 (崭新出厂),98.29,91
FN57 | 雇佣兵 (崭新出厂),33.5,12
P250（StatTrak™） | 曼海蒂 (久经沙场),175,51
P2000 | 寻路者 (略有磨损),39.98,41
P2000 | 银质 (略有磨损),29.9,9
双持贝瑞塔 | 毒蛇袭击 (崭新出厂),186.5,43
P250（纪念品） | 北方森林 (久经沙场),19.9,35
双持贝瑞塔 | 熊熊烈焰 (战痕累累),57.8,14
Tec-9（StatTrak™） | 剪纸 (久经沙场),12.06,12
P2000 | 寻路者 (久经沙场),53.4,8
P250（StatTrak™） | 卡特尔 (战痕累累),51.9,8
沙漠之鹰（StatTrak™） | 机械工业 (破损不堪),55.35,24
FN57（StatTrak™） | 表面淬火 (破损不堪),46.1,64
双持贝瑞塔 | 黑榄仁木 (战痕累累),23.4,12
Tec-9（纪念品） | 黄铜 (破损不堪),22.3,51
P2000 | 草原落叶 (略有磨损),54.07,11
P2000 | 廉价皮革 (久经沙场),26.84,4
双持贝瑞塔 | 翡翠色调 (略有磨损),159.4,18
Tec-9（纪念品） | 晶红石英 (略有磨损),43.01,43
CZ75 | 花纹钢板 (久经沙场),34.77,3
双持贝瑞塔（纪念品） | 双涡轮 (战痕累累),119.5,10
R8 左轮手枪（纪念品） | 氮化处理 (崭新出厂),110.8,13
双持贝瑞塔 | 爆破能手 (破损不堪),14.95,4
双持贝瑞塔 | 熊熊烈焰 (破损不堪),58.58,20
格洛克 18 型 | 沙丘之黄 (破损不堪),14.73,4
Tec-9（纪念品） | 陆军网格 (略有磨损),20.68,12
双持贝瑞塔（StatTrak™） | 报应 (破损不堪),11.85,2
P2000 | 草原落叶 (破损不堪),18.17,7
P2000 | 草原落叶 (破损不堪),18.17,7
P250 | 日式薄荷涂装 (破损不堪),10.05,6
双持贝瑞塔（StatTrak™） | 黑榄仁木 (破损不堪),30.3,4
格洛克 18 型 | 地下水 (破损不堪),19.22,10
P2000 | 廉价皮革 (战痕累累),29.9,1
P250 | 狂野飞溅 (崭新出厂),153.49,19
P250（纪念品） | 交换机 (崭新出厂),30.8,32
P2000（纪念品） | 坚固链甲 (久经沙场),28.7,29
双持贝瑞塔 | 决斗家 (久经沙场),117,10
格洛克 18 型（纪念品） | 噩梦之夜 (崭新出厂),160.5,32
P250 | 硝烟 (崭新出厂),64.6,15
R8 左轮手枪（StatTrak™） | 记忆碎片 (破损不堪),6.19,1
P250 | 核子威慑 (久经沙场),40.03,53
Tec-9（StatTrak™） | 屠杀者 (战痕累累),47.6,8
P250 | 现代猎手 (略有磨损),98.89,13
P250 | 死亡轮回 (战痕累累),14.73,29
FN57 | 氮化处理 (破损不堪),24.9,2
P2000（StatTrak™） | 林间猎者 (崭新出厂),118,8
格洛克 18 型 | 地下水 (战痕累累),22.69,17
FN57（StatTrak™） | 夜影 (崭新出厂),18.7,95
CZ75（StatTrak™） | 维多利亚 (略有磨损),175.69,47
格洛克 18 型（StatTrak™） | 荒野反叛 (破损不堪),114.5,9
P250 | 暗之镂刻 (破损不堪),24.5,8
P250（StatTrak™） | 超新星 (破损不堪),10.9,6
双持贝瑞塔 | 黑榄仁木 (破损不堪),23.9,7
双持贝瑞塔（StatTrak™） | 都市冲击 (破损不堪),13.4,4
FN57（纪念品） | 暮色森林 (崭新出厂),34.3,22
USP 消音版 | 疯狂蔓延 (破损不堪),118.95,17
Tec-9（纪念品） | 黄铜 (战痕累累),26.3,51
P250（纪念品） | 金属 DDPAT (略有磨损),27.7,11
P250（纪念品） | 交换机 (战痕累累),19.9,3
CZ75 | 维多利亚 (破损不堪),61.11,4
双持贝瑞塔（纪念品） | 殖民侵略者 (崭新出厂),18.9,19
P2000（StatTrak™） | 珊瑚树 (崭新出厂),149.49,9
P2000 | 林间猎者 (崭新出厂),37.7,20
FN57（纪念品） | 橘皮涂装 (崭新出厂),79.9,11
Tec-9 | 黄铜 (崭新出厂),79.9,5
USP 消音版 | 血清 (久经沙场),159.5,9
CZ75（StatTrak™） | 花纹钢板 (久经沙场),49.5,8
FN57 | 狂野丛林 (略有磨损),10.3,8
Tec-9 | 哈迪斯 (战痕累累),44.1,11
P250 | 死亡轮回 (破损不堪),21.5,6
P250（StatTrak™） | 狂野飞溅 (久经沙场),106.39,5
P2000 | 致命红蝎 (略有磨损),48.41,5
沙漠之鹰（StatTrak™） | 深红之网 (破损不堪),69.9,14
CZ75（StatTrak™） | 毒镖 (战痕累累),7.48,1
沙漠之鹰（纪念品） | 都市瓦砾 (战痕累累),60.89,15
P250（StatTrak™） | 曼海蒂 (战痕累累),88.78,9
双持贝瑞塔（StatTrak™） | 海斗士 (战痕累累),31.8,2
双持贝瑞塔 | 天秤之月 (战痕累累),12.36,5
P250（纪念品） | 硝烟 (崭新出厂),178.5,25
P250 | 日式深红涂装 (战痕累累),57.48,12
Tec-9（StatTrak™） | 剪纸 (崭新出厂),58.89,20
P250 | 暗潮 (久经沙场),134.19,7
双持贝瑞塔 | 决斗家 (略有磨损),139.5,4
USP 消音版 | 猎户 (破损不堪),189.49,2
Tec-9（纪念品） | 地下水 (战痕累累),38.26,5
CZ75 | 翡翠色调 (略有磨损),50.1,5
FN57（StatTrak™） | 三位一体 (战痕累累),14.4,4
双持贝瑞塔 | 海斗士 (战痕累累),18.6,2
CZ75 | 氮化处理 (破损不堪),29.7,3
双持贝瑞塔（纪念品） | 雇佣兵 (略有磨损),20.18,8
P250 | 曼海蒂 (破损不堪),55.9,8
沙漠之鹰（StatTrak™） | 遗产 (破损不堪),106.5,5
USP 消音版 | 凯门鳄 (破损不堪),113.86,4
P2000 | 廉价皮革 (破损不堪),19.87,2
FN57（StatTrak™） | 三位一体 (破损不堪),17.9,4
CZ75（StatTrak™） | 黄夹克 (战痕累累),27.89,11
FN57 | 狂野丛林 (崭新出厂),37.9,12
P250 | 富兰克林 (破损不堪),10.8,20
双持贝瑞塔（StatTrak™） | 黑榄仁木 (崭新出厂),154.5,2
CZ75（StatTrak™） | 相柳 (破损不堪),55.2,3
Tec-9（纪念品） | 遥控 (破损不堪),179,8
P250（StatTrak™） | 卡特尔 (破损不堪),98.9,1
双持贝瑞塔 | 决斗家 (破损不堪),108.38,3
沙漠之鹰（纪念品） | 泥地杀手 (久经沙场),199.5,14
P250 | 核子威慑 (破损不堪),69.9,3
双持贝瑞塔（纪念品） | 人工染色 (久经沙场),89.9,5
USP 消音版 | 商业皮革 (破损不堪),84.9,2
Tec-9（StatTrak™） | 钛片 (久经沙场),67.57,2
P2000 | 廉价皮革 (略有磨损),29.89,5
P250（StatTrak™） | 暗潮 (久经沙场),119,2
双持贝瑞塔 | 报应 (略有磨损),12.7,1
USP 消音版 | 商业皮革 (战痕累累),88.23,4
Tec-9（纪念品） | 核子剧毒 (破损不堪),39.9,8
P2000 | 廉价皮革 (崭新出厂),51.56,12
USP 消音版（StatTrak™） | 不锈钢 (破损不堪),119.5,12
P2000（StatTrak™） | 林间猎者 (破损不堪),50.74,2
双持贝瑞塔（StatTrak™） | 黑榄仁木 (战痕累累),27.8,6
P250 | 银装素裹 (战痕累累),19.68,10
双持贝瑞塔（StatTrak™） | 报应 (略有磨损),12.17,6
FN57（StatTrak™） | 夜影 (战痕累累),21.4,3
FN57（StatTrak™） | 夜影 (破损不堪),14.06,6
P250 | 骸骨外罩 (崭新出厂),16.26,7
P250 | 卡特尔 (破损不堪),22.1,6
双持贝瑞塔（StatTrak™） | 海斗士 (破损不堪),32.38,1
P250 | 日式深红涂装 (破损不堪),59.39,3
R8 左轮手枪（纪念品） | 渐变琥珀 (久经沙场),83.95,16
沙漠之鹰（纪念品） | 都市瓦砾 (破损不堪),63.9,14
P2000 | 草原落叶 (战痕累累),15.78,13
CZ75（StatTrak™） | 维多利亚 (战痕累累),152.02,7
P2000（StatTrak™） | 林间猎者 (战痕累累),39.9,6
P2000（纪念品） | 工业牧草 (崭新出厂),25.8,21
P2000（纪念品） | 渐变琥珀 (破损不堪),199.5,5
USP 消音版（StatTrak™） | 血清 (久经沙场),174.5,7
FN57（StatTrak™） | 怒氓 (破损不堪),72.8,5
P2000（纪念品） | 坚毅大理石纹 (久经沙场),48.46,8
FN57（StatTrak™） | 铜色星系 (久经沙场),49.4,4
双持贝瑞塔（StatTrak™） | 血红蛋白 (久经沙场),73.83,3
Tec-9（纪念品） | 地下水 (略有磨损),48.78,16
P250 | 多面体 (破损不堪),9.91,2
双持贝瑞塔（纪念品） | 深蓝电镀处理 (略有磨损),41.74,3
P250（StatTrak™） | 红岩 (破损不堪),44.52,1
FN57 | 狂野丛林 (破损不堪),6.12,1
双持贝瑞塔 | 决斗家 (战痕累累),175.72,3
双持贝瑞塔（纪念品） | 双涡轮 (破损不堪),142,14
Tec-9（纪念品） | 遥控 (战痕累累),197.5,1
P250（纪念品） | 核子威慑 (战痕累累),125.5,8
P2000 | 林间猎者 (破损不堪),24.75,2
FN57（纪念品） | 银白石英 (久经沙场),149.38,4
Tec-9（纪念品） | 陆军网格 (崭新出厂),76.74,11
CZ75 | 毒镖 (战痕累累),10.55,1
格洛克 18 型（纪念品） | 核子花园 (战痕累累),194.5,3
Tec-9（纪念品） | 晶红石英 (破损不堪),89.14,2
CZ75（StatTrak™） | 蓝巢 (破损不堪),10.55,2
P2000（StatTrak™） | 火灵 (战痕累累),143.5,9
CZ75 | 氮化处理 (战痕累累),27.9,2
P250 | 现代猎手 (破损不堪),29.25,9
双持贝瑞塔（纪念品） | 人工染色 (战痕累累),58.79,3
Tec-9 | 核子威慑 (战痕累累),62.31,1
P250 | 现代猎手 (战痕累累),37.02,7
P2000（纪念品） | 坚毅大理石纹 (战痕累累),59.8,4
P250（纪念品） | 北方森林 (破损不堪),32.64,6
P2000（纪念品） | 坚毅大理石纹 (略有磨损),94.9,4
